{
    "0.0": {
        "default": {
            "size": 39.886453,
            "inf_time": 0.10399863243103027,
            "auc": 0.8447898762143132
        },
        "int8": {
            "size": 8.63645,
            "inf_time": 0.054549608230590824,
            "auc": 0.8445552244111055
        },
        "float16": {
            "size": 19.782432,
            "inf_time": 0.09665794134140014,
            "auc": 0.8445211613500124
        }
    },
    "0.5": {
        "default": {
            "size": 24.156994,
            "inf_time": 0.10274852752685547,
            "auc": 0.8370869636047953
        },
        "int8": {
            "size": 6.33385,
            "inf_time": 0.054204509258270264,
            "auc": 0.8379867162773517
        },
        "float16": {
            "size": 13.217942,
            "inf_time": 0.09917058944702148,
            "auc": 0.8368182487404944
        }
    },
    "0.55": {
        "default": {
            "size": 22.300433,
            "inf_time": 0.10092420816421509,
            "auc": 0.8394191071993282
        },
        "int8": {
            "size": 5.820322,
            "inf_time": 0.05887276411056518,
            "auc": 0.8400975806514844
        },
        "float16": {
            "size": 12.30959,
            "inf_time": 0.11416744470596313,
            "auc": 0.8389959760286653
        }
    },
    "0.6": {
        "default": {
            "size": 20.41723,
            "inf_time": 0.14145256757736205,
            "auc": 0.8337687771535303
        },
        "int8": {
            "size": 5.467092,
            "inf_time": 0.0707645583152771,
            "auc": 0.8336009882643609
        },
        "float16": {
            "size": 11.389371,
            "inf_time": 0.14069555521011354,
            "auc": 0.8335000622892293
        }
    },
    "0.65": {
        "default": {
            "size": 18.483191,
            "inf_time": 0.1396115493774414,
            "auc": 0.8317954282319181
        },
        "int8": {
            "size": 5.001877,
            "inf_time": 0.07233411073684692,
            "auc": 0.8324130934573658
        },
        "float16": {
            "size": 10.43176,
            "inf_time": 0.14057498693466186,
            "auc": 0.8313455518956397
        }
    },
    "0.7": {
        "default": {
            "size": 16.487834,
            "inf_time": 0.14111106157302855,
            "auc": 0.8319352087473244
        },
        "int8": {
            "size": 4.473982,
            "inf_time": 0.07244263887405396,
            "auc": 0.8317406746925395
        },
        "float16": {
            "size": 9.426715,
            "inf_time": 0.13902408361434937,
            "auc": 0.8312299901295529
        }
    },
    "0.75": {
        "default": {
            "size": 14.481558,
            "inf_time": 0.1353160834312439,
            "auc": 0.8348776996718272
        },
        "int8": {
            "size": 3.991409,
            "inf_time": 0.06212963104248047,
            "auc": 0.8355561731239833
        },
        "float16": {
            "size": 8.418163,
            "inf_time": 0.09873266696929932,
            "auc": 0.8348643270890196
        }
    },
    "0.8": {
        "default": {
            "size": 12.425501,
            "inf_time": 0.10074739933013915,
            "auc": 0.8436554717385489
        },
        "int8": {
            "size": 3.373121,
            "inf_time": 0.05382110834121704,
            "auc": 0.8444348711658366
        },
        "float16": {
            "size": 7.36135,
            "inf_time": 0.10960981369018555,
            "auc": 0.8435144280149947
        }
    },
    "0.85": {
        "default": {
            "size": 10.286581,
            "inf_time": 0.11084883451461792,
            "auc": 0.828865308035485
        },
        "int8": {
            "size": 2.712269,
            "inf_time": 0.061560208797454836,
            "auc": 0.8295972718188717
        },
        "float16": {
            "size": 6.246096,
            "inf_time": 0.10920416355133057,
            "auc": 0.8288786806182924
        }
    },
    "0.9": {
        "default": {
            "size": 8.022563,
            "inf_time": 0.10095045328140259,
            "auc": 0.8253051518855342
        },
        "int8": {
            "size": 2.02547,
            "inf_time": 0.05638360738754272,
            "auc": 0.8256006119154503
        },
        "float16": {
            "size": 5.04495,
            "inf_time": 0.10125326871871948,
            "auc": 0.8251641081619797
        }
    },
    "0.95": {
        "default": {
            "size": 5.550513,
            "inf_time": 0.11193793058395386,
            "auc": 0.7496570607672812
        },
        "int8": {
            "size": 1.201126,
            "inf_time": 0.062453179359436034,
            "auc": 0.7488047437386258
        },
        "float16": {
            "size": 3.696686,
            "inf_time": 0.11218082189559936,
            "auc": 0.7502613534099216
        }
    },
    "0.99": {
        "default": {
            "size": 3.548482,
            "inf_time": 0.09823605298995972,
            "auc": 0.5239514283399441
        },
        "int8": {
            "size": 0.325076,
            "inf_time": 0.05797264575958252,
            "auc": 0.524186080143152
        },
        "float16": {
            "size": 2.574556,
            "inf_time": 0.10407659292221069,
            "auc": 0.5237702668679669
        }
    },
    "0.999": {
        "default": {
            "size": 2.927437,
            "inf_time": 0.09891247272491455,
            "auc": 0.5
        },
        "int8": {
            "size": 0.07094,
            "inf_time": 0.05417428493499756,
            "auc": 0.5
        },
        "float16": {
            "size": 2.199612,
            "inf_time": 0.09996421813964844,
            "auc": 0.5
        }
    }
}