{
    "0.0": {
        "default": {
            "size": 39.886434,
            "inf_time": 0.09763129234313965,
            "auc": 0.8447898762143132
        },
        "int8": {
            "size": 8.636453,
            "inf_time": 0.054470796585083005,
            "auc": 0.8445552244111055
        },
        "float16": {
            "size": 19.782454,
            "inf_time": 0.10085419416427613,
            "auc": 0.8445211613500124
        }
    },
    "0.5": {
        "default": {
            "size": 24.357207,
            "inf_time": 0.09930760383605958,
            "auc": 0.8321602775921686
        },
        "int8": {
            "size": 6.503791,
            "inf_time": 0.05412352323532105,
            "auc": 0.8320326064514219
        },
        "float16": {
            "size": 13.421542,
            "inf_time": 0.09789011001586914,
            "auc": 0.8324423650392769
        }
    },
    "0.55": {
        "default": {
            "size": 22.446809,
            "inf_time": 0.10396267175674438,
            "auc": 0.8395528330274047
        },
        "int8": {
            "size": 6.027136,
            "inf_time": 0.05980138778686524,
            "auc": 0.8399625916152599
        },
        "float16": {
            "size": 12.480765,
            "inf_time": 0.10015918493270874,
            "auc": 0.8395662056102124
        }
    },
    "0.6": {
        "default": {
            "size": 20.578295,
            "inf_time": 0.10235817193984985,
            "auc": 0.835800669238965
        },
        "int8": {
            "size": 5.593491,
            "inf_time": 0.05714935541152954,
            "auc": 0.8348741714007933
        },
        "float16": {
            "size": 11.579593,
            "inf_time": 0.09574647426605225,
            "auc": 0.8355453269574717
        }
    },
    "0.65": {
        "default": {
            "size": 18.636885,
            "inf_time": 0.09475565195083618,
            "auc": 0.8379539164244064
        },
        "int8": {
            "size": 5.181326,
            "inf_time": 0.054319770336151124,
            "auc": 0.8374164866958046
        },
        "float16": {
            "size": 10.625666,
            "inf_time": 0.094649395942688,
            "auc": 0.8377995001180446
        }
    },
    "0.7": {
        "default": {
            "size": 16.664639,
            "inf_time": 0.09338399171829223,
            "auc": 0.8335207527675148
        },
        "int8": {
            "size": 4.659301,
            "inf_time": 0.053807969093322756,
            "auc": 0.8320835703663566
        },
        "float16": {
            "size": 9.645761,
            "inf_time": 0.0945945906639099,
            "auc": 0.8338028402146235
        }
    },
    "0.75": {
        "default": {
            "size": 14.592145,
            "inf_time": 0.09544734954833985,
            "auc": 0.8379163250922796
        },
        "int8": {
            "size": 4.117324,
            "inf_time": 0.060164496898651124,
            "auc": 0.8381984125393882
        },
        "float16": {
            "size": 8.598644,
            "inf_time": 0.09997576713562012,
            "auc": 0.8382519028706188
        }
    },
    "0.8": {
        "default": {
            "size": 12.55426,
            "inf_time": 0.10165025234222412,
            "auc": 0.8343417945047832
        },
        "int8": {
            "size": 3.5357,
            "inf_time": 0.055786254405975344,
            "auc": 0.8347916708410614
        },
        "float16": {
            "size": 7.561192,
            "inf_time": 0.101111741065979,
            "auc": 0.8346639997003148
        }
    },
    "0.85": {
        "default": {
            "size": 10.381444,
            "inf_time": 0.10130124807357788,
            "auc": 0.829354038912038
        },
        "int8": {
            "size": 2.930132,
            "inf_time": 0.05580714225769043,
            "auc": 0.8297711153953712
        },
        "float16": {
            "size": 6.426065,
            "inf_time": 0.10616723775863647,
            "auc": 0.829777170082701
        }
    },
    "0.9": {
        "default": {
            "size": 8.117823,
            "inf_time": 0.09669583320617675,
            "auc": 0.7972556585191193
        },
        "int8": {
            "size": 2.183221,
            "inf_time": 0.05532843828201294,
            "auc": 0.7974903103223272
        },
        "float16": {
            "size": 5.2113,
            "inf_time": 0.0954439640045166,
            "auc": 0.7972556585191193
        }
    },
    "0.95": {
        "default": {
            "size": 5.654071,
            "inf_time": 0.09944093227386475,
            "auc": 0.6922770502957213
        },
        "int8": {
            "size": 1.259754,
            "inf_time": 0.05359627485275269,
            "auc": 0.6919414725173823
        },
        "float16": {
            "size": 3.810367,
            "inf_time": 0.09530540943145752,
            "auc": 0.6922503051301061
        }
    },
    "0.99": {
        "default": {
            "size": 3.442263,
            "inf_time": 0.09933480978012085,
            "auc": 0.5
        },
        "int8": {
            "size": 0.305416,
            "inf_time": 0.05362751722335815,
            "auc": 0.5
        },
        "float16": {
            "size": 2.510807,
            "inf_time": 0.09778950214385987,
            "auc": 0.5
        }
    },
    "0.999": {
        "default": {
            "size": 2.720142,
            "inf_time": 0.09434359312057496,
            "auc": 0.5
        },
        "int8": {
            "size": 0.0706,
            "inf_time": 0.01482142210006714,
            "auc": 0.5
        },
        "float16": {
            "size": 2.106329,
            "inf_time": 0.09292745590209961,
            "auc": 0.5
        }
    }
}