{"0.5": {"default": {"size": 13.982522, "inf_time": 0.0015336345399787166, "auc": 0.8917343917343917}, "int8": {"size": 0.21602, "inf_time": 0.0012385393475349456, "auc": 0.8915642915642916}, "float16": {"size": 6.664472, "inf_time": 0.0015225984819859752, "auc": 0.8917406917406916}}, "0.55": {"default": {"size": 12.641536, "inf_time": 0.0015481152528501964, "auc": 0.8801675801675802}, "int8": {"size": 0.205203, "inf_time": 0.0014802784363329036, "auc": 0.8803313803313804}, "float16": {"size": 6.074498, "inf_time": 0.0015999624690267642, "auc": 0.88007308007308}}, "0.6": {"default": {"size": 11.600378, "inf_time": 0.0015615121633225733, "auc": 0.8863604863604864}, "int8": {"size": 0.205554, "inf_time": 0.0013473168520287259, "auc": 0.8840294840294842}, "float16": {"size": 5.685164, "inf_time": 0.0016406288410220273, "auc": 0.8863919863919864}}, "0.65": {"default": {"size": 10.345727, "inf_time": 0.001550197003028324, "auc": 0.8849051849051849}, "int8": {"size": 0.205035, "inf_time": 0.001261925607583155, "auc": 0.8858438858438857}, "float16": {"size": 5.12933, "inf_time": 0.001607102462309068, "auc": 0.8848988848988848}}, "0.7": {"default": {"size": 9.205023, "inf_time": 0.0015526281545871175, "auc": 0.8873558873558874}, "int8": {"size": 0.204641, "inf_time": 0.0012872925067935117, "auc": 0.886977886977887}, "float16": {"size": 4.687782, "inf_time": 0.0015209663467694405, "auc": 0.8873306873306872}}, "0.75": {"default": {"size": 8.064344, "inf_time": 0.0017543778365648527, "auc": 0.8808290808290808}, "int8": {"size": 0.174468, "inf_time": 0.0012238522246012574, "auc": 0.8818370818370818}, "float16": {"size": 4.190297, "inf_time": 0.0017871904552655955, "auc": 0.8808290808290808}}, "0.8": {"default": {"size": 6.790575, "inf_time": 0.0016210973636718137, "auc": 0.8792792792792793}, "int8": {"size": 0.188604, "inf_time": 0.0012064365999611888, "auc": 0.87991557991558}, "float16": {"size": 3.682624, "inf_time": 0.0016087660077524603, "auc": 0.8792603792603793}}, "0.85": {"default": {"size": 5.605584, "inf_time": 0.0015270662128252248, "auc": 0.8762363762363762}, "int8": {"size": 0.181068, "inf_time": 0.0012669587225058448, "auc": 0.8761922761922762}, "float16": {"size": 3.200797, "inf_time": 0.0015506220880984662, "auc": 0.8762489762489762}}, "0.9": {"default": {"size": 4.305301, "inf_time": 0.0015829773140671561, "auc": 0.8759969759969759}, "int8": {"size": 0.162989, "inf_time": 0.0012402713971873898, "auc": 0.8763686763686764}, "float16": {"size": 2.595598, "inf_time": 0.001593822816683627, "auc": 0.876015876015876}}, "0.95": {"default": {"size": 2.872036, "inf_time": 0.0015441390172750168, "auc": 0.8715743715743717}, "int8": {"size": 0.149082, "inf_time": 0.0012854404999889724, "auc": 0.871895671895672}, "float16": {"size": 1.892146, "inf_time": 0.0015801103082175834, "auc": 0.8715743715743716}}, "0.99": {"default": {"size": 1.706808, "inf_time": 0.001588895000807165, "auc": 0.8123700623700625}, "int8": {"size": 0.102442, "inf_time": 0.0016271003067418652, "auc": 0.812889812889813}, "float16": {"size": 1.268038, "inf_time": 0.0015934808939284033, "auc": 0.8123700623700623}}, "0.999": {"default": {"size": 1.46791, "inf_time": 0.0015886371378019135, "auc": 0.5}, "int8": {"size": 0.027005, "inf_time": 0.0012374501605255243, "auc": 0.5104706104706105}, "float16": {"size": 1.139054, "inf_time": 0.0015368048788762302, "auc": 0.5}}, "0.0": {"default": {"size": 22.647175, "inf_time": 0.001536420776673512, "auc": 0.8708624708624708}, "int8": {"size": 0.220447, "inf_time": 0.0012079837779926984, "auc": 0.8718200718200717}, "float16": {"size": 9.281319, "inf_time": 0.0018121759445783934, "auc": 0.8708624708624708}}}