{"0.5": {"default": {"size": 13.946838, "inf_time": 0.0017795736248250888, "auc": 0.8860769860769862}, "int8": {"size": 0.223432, "inf_time": 0.0013170350001776682, "auc": 0.8862344862344862}, "float16": {"size": 6.277452, "inf_time": 0.001961919863520183, "auc": 0.8860675360675361}}, "0.55": {"default": {"size": 12.643933, "inf_time": 0.0017763024740566125, "auc": 0.8793359793359793}, "int8": {"size": 0.200438, "inf_time": 0.001699319298623347, "auc": 0.8790524790524792}, "float16": {"size": 5.788669, "inf_time": 0.0017125519784810103, "auc": 0.8793548793548793}}, "0.6": {"default": {"size": 11.548879, "inf_time": 0.0016951791315784719, "auc": 0.8853587853587852}, "int8": {"size": 0.166946, "inf_time": 0.001304375781318923, "auc": 0.8842940842940843}, "float16": {"size": 5.399366, "inf_time": 0.0019519017960226521, "auc": 0.8853587853587854}}, "0.65": {"default": {"size": 10.377883, "inf_time": 0.0017255537183850143, "auc": 0.8876393876393874}, "int8": {"size": 0.196381, "inf_time": 0.001322900037394563, "auc": 0.8868266868266869}, "float16": {"size": 4.970887, "inf_time": 0.001723573079222867, "auc": 0.8876456876456877}}, "0.7": {"default": {"size": 9.145536, "inf_time": 0.001798686000005514, "auc": 0.8645309645309645}, "int8": {"size": 0.143236, "inf_time": 0.001306630736462295, "auc": 0.8653436653436654}, "float16": {"size": 4.491878, "inf_time": 0.0019838564668126506, "auc": 0.8645246645246645}}, "0.75": {"default": {"size": 7.854172, "inf_time": 0.0017369460580938284, "auc": 0.8773451773451775}, "int8": {"size": 0.143966, "inf_time": 0.0013262079830002156, "auc": 0.8775215775215774}, "float16": {"size": 3.960555, "inf_time": 0.001734637855137307, "auc": 0.8773514773514773}}, "0.8": {"default": {"size": 6.586725, "inf_time": 0.0016950056274682096, "auc": 0.8709506709506709}, "int8": {"size": 0.10312, "inf_time": 0.0014381061683185726, "auc": 0.8695331695331695}, "float16": {"size": 3.440312, "inf_time": 0.0017546692038120858, "auc": 0.8709569709569709}}, "0.85": {"default": {"size": 5.371785, "inf_time": 0.0017357656318540107, "auc": 0.8739746739746739}, "int8": {"size": 0.128348, "inf_time": 0.0013285469978935596, "auc": 0.8724374724374724}, "float16": {"size": 2.928308, "inf_time": 0.0016770120546539574, "auc": 0.8739746739746739}}, "0.9": {"default": {"size": 3.918236, "inf_time": 0.001648588192507793, "auc": 0.8894663894663895}, "int8": {"size": 0.146901, "inf_time": 0.0013252145223964563, "auc": 0.8887544887544888}, "float16": {"size": 2.269691, "inf_time": 0.0017257388891509665, "auc": 0.8894726894726894}}, "0.95": {"default": {"size": 2.612881, "inf_time": 0.0019128457216576321, "auc": 0.8794052794052795}, "int8": {"size": 0.15678, "inf_time": 0.0013457801440728355, "auc": 0.8792540792540793}, "float16": {"size": 1.719718, "inf_time": 0.0019777916007239368, "auc": 0.8793989793989793}}, "0.99": {"default": {"size": 1.558951, "inf_time": 0.0016930441335871946, "auc": 0.8149656649656651}, "int8": {"size": 0.041122, "inf_time": 0.0012924886557508443, "auc": 0.8130347130347129}, "float16": {"size": 1.165257, "inf_time": 0.0018217318330235883, "auc": 0.8149656649656651}}, "0.999": {"default": {"size": 1.275308, "inf_time": 0.0017180915459186548, "auc": 0.5}, "int8": {"size": 0.017251, "inf_time": 0.0013028818511005627, "auc": 0.5}, "float16": {"size": 0.995599, "inf_time": 0.001690806229709831, "auc": 0.5}}, "0.0": {"default": {"size": 22.647175, "inf_time": 0.0016695923607801106, "auc": 0.8708624708624708}, "int8": {"size": 0.220447, "inf_time": 0.0018906449733145413, "auc": 0.8718200718200717}, "float16": {"size": 9.281319, "inf_time": 0.0017089439904226114, "auc": 0.8708624708624708}}}